Resolution,Avg_Battery
1366x768,8.047748976807636
2560x1440,8.029702970297029
1920x1080,8.023208191126278
3840x2160,8.011017803157541
